<?xml version='1.0' encoding='UTF-8'?>
<!DOCTYPE Plugin PUBLIC "sailpoint.dtd" "sailpoint.dtd">
<Plugin certificationLevel="None" displayName="EnvCom" minSystemVersion="7.1" name="EnvCom" version="0.1">
  <Attributes>
    <Map>
      <entry key="minUpgradableVersion" value="0.1" />
      <entry key="fullPage">
        <value>
          <FullPage title="EnvCom" />
        </value>
      </entry>
      <entry key="restResources">
        <value>
          <List>
          	<String>com.onaware.rest.ObjectResource</String>
          </List>
        </value>
      </entry>
      <entry key="serviceExecutors">
      </entry>
      <entry key="settings">
      </entry>
      <entry key="snippets">
        <value>
          <List>
            <Snippet regexPattern=".*" rightRequired="ViewEnvComIcon">
              <Scripts>
                <String>ui/js/snippets/header.js</String>
              </Scripts>
              <StyleSheets>
                <String>ui/css/envcom.css</String>
              </StyleSheets>
            </Snippet>
          </List>
        </value>
      </entry>
    </Map>
  </Attributes>
</Plugin>

